2632750efd7e985336954547a553ec65bf7cff99	16136	rules/examples/Allowance-example.xml
122be5962860fe71cdd7d6e4878f836d366010b7	12456	rules/examples/Vat-category-S.xml
ba9560739495190c3c18747f8c4fa2fccfd211df	9462	rules/examples/base-creditnote-correction.xml
bc5930214d267c9eea932d81dc479a83c1cf5021	9228	rules/examples/base-example.xml
da9827708664e0f70777662f92f76e78d7044894	9341	rules/examples/base-example_profile02.xml
ec7bb83044177e885c2a826cebedc2b7fe8a2979	9412	rules/examples/base-negative-inv-correction.xml
87f162427b8f4a6acaaf6cdb085c84ac89f507a7	9458	rules/examples/sales-order-example.xml
950386f07a46c4fd8a0cb902658cccea5fc69e39	5176	rules/examples/vat-category-E.xml
2daa03bc0d64315597e1c5e30184f9fcfbaf6a35	4907	rules/examples/vat-category-O.xml
18a132ebc4baf16ca94a9f3cee8a60116f6198ca	5092	rules/examples/vat-category-Z.xml
66434ff0e207291ce0bda35501581e2382aa7f48	25458	rules/unit-UBL-DE/UBL-IN_DE-R-001.xml
eb103ea4004d53e7d839463882225beca5b078fd	22314	rules/unit-UBL-DE/UBL-IN_DE-R-002.xml
6d6817531c817534b6ecf6fbbac9fde2b9a7556e	22402	rules/unit-UBL-DE/UBL-IN_DE-R-003.xml
69ecd207f7fc220e937874092dcf3c7b9ba36417	22428	rules/unit-UBL-DE/UBL-IN_DE-R-004.xml
f979af2775de82479cdc904761cfb22ec00ac17d	22449	rules/unit-UBL-DE/UBL-IN_DE-R-005.xml
a4a070336e4a945a9309181e410c67a286bdd55a	22472	rules/unit-UBL-DE/UBL-IN_DE-R-006.xml
8ab35199d0ac97357696f6394458e99ccc64840c	22482	rules/unit-UBL-DE/UBL-IN_DE-R-007.xml
1d13c7ce5008854f0640fbd107442929c7be9669	22491	rules/unit-UBL-DE/UBL-IN_DE-R-008.xml
95854e90675c9a110004a34c6fa37bd875759c9d	22510	rules/unit-UBL-DE/UBL-IN_DE-R-009.xml
851a7a1c6a905ef0f886d05ad7c2860e96a50c2c	22571	rules/unit-UBL-DE/UBL-IN_DE-R-010.xml
17e809a6ab1c28a6ef32b6a04a4c61a6479a7be4	22528	rules/unit-UBL-DE/UBL-IN_DE-R-011.xml
c673b8a4326636af96bf8c5497caeff3085e62e7	22402	rules/unit-UBL-DE/UBL-IN_DE-R-014.xml
540efde4ef6aec54dde904a4d2a052441ff9b7dd	24600	rules/unit-UBL-DE/UBL-IN_DE-R-015.xml
f67f8fb3173695d9b5b025097853aace9303760e	25247	rules/unit-UBL-DE/UBL-IN_DE-R-016.xml
7e475f723b62497bf655f3f5614f72a135423da6	21382	rules/unit-UBL-DE/UBL-IN_DE-R-017.xml
032d452dda01657e8a23940f6ca4202d2b15d0f5	17715	rules/unit-UBL-DE/UBL-IN_DE-R-018.xml
c6b61c9393d2d9237cc4c511e35c86f85ab1a160	13809	rules/unit-UBL-DE/UBL-IN_DE-R-019.xml
8dee1219ac8da7a82bdf8dd4d6936333621fbda2	32753	rules/unit-UBL-DE/UBL-IN_DE-R-020.xml
ac9e62d0e008827de6625d07723c323ec29c5afb	33811	rules/unit-UBL-DE/UBL-IN_DE-R-022.xml
6b5ffb6a12493204cf863a1009129172c808fba2	19036	rules/unit-UBL-DE/UBL-IN_DE-R-023.xml
b267a216dcf2fd3a5bf3a3a2fbc0736b14f31035	18904	rules/unit-UBL-DE/UBL-IN_DE-R-024.xml
02d3022d1b8a11176c4be2e905d1becf57485470	19333	rules/unit-UBL-DE/UBL-IN_DE-R-025.xml
113b33c5acfa4daf859fc04dfc2e53572db07345	15277	rules/unit-UBL-DE/UBL-IN_DE-R-026.xml
eff1e6025884039954ac0e5b3fcb11132e9ecece	35968	rules/unit-UBL-DE/UBL-IN_DE-R-027.xml
25adaa558d6c96856f699a2c6e8081eb689c1b89	36061	rules/unit-UBL-DE/UBL-IN_DE-R-028.xml
2a7d525c52e64e9f41a5840ffa6a1bdcca772711	33989	rules/unit-UBL-DE/UBL-IN_DE-R-030.xml
587f279ae0a54c9e3bccc5d98018bde5fbec7901	33984	rules/unit-UBL-DE/UBL-IN_DE-R-031.xml
bf4d00c19a6f9e4d6bc8241ff4995d4b382a7a45	92300	rules/unit-UBL-DE/UBL-IN_DE-R-T02.xml
17fd83db2fb5a3a5fa89c0108fdb336eb2104e16	1699	rules/unit-UBL-PEPPOL/PEPPOL-COMMON-EAS.xml
56a1a82537c4e2efff0d54fc9c4db37eafa05119	1484	rules/unit-UBL-PEPPOL/PEPPOL-COMMON-R040.xml
3ddf9a2b56ec4fa5e3f25c7a9e63e134367fd023	3081	rules/unit-UBL-PEPPOL/PEPPOL-COMMON-R041.xml
41da8bb0a58d46ab3c5e02c5641405ffff4d0e37	2110	rules/unit-UBL-PEPPOL/PEPPOL-COMMON-R042.xml
340e22480e334e0f5c232b5dd32da52503bacdef	4481	rules/unit-UBL-PEPPOL/PEPPOL-COMMON-R043.xml
d1bab3b6e40e34eb387d0e8778e303f069f485ca	3789	rules/unit-UBL-PEPPOL/PEPPOL-COMMON-R044.xml
93641fe5e68caa3ebadd3e41fbc95740225c77c3	3805	rules/unit-UBL-PEPPOL/PEPPOL-COMMON-R045.xml
fd96900a133c3a2faf166d5acf188db766cde243	2837	rules/unit-UBL-PEPPOL/PEPPOL-COMMON-R046.xml
bfe0aa310ee595e991403a22886e57bc7a25cd4c	3784	rules/unit-UBL-PEPPOL/PEPPOL-COMMON-R047.xml
189c8f742593084ba4578cce2f01e32d4858a139	2280	rules/unit-UBL-PEPPOL/PEPPOL-COMMON-R049.xml
eacc501256ef298df23a3c44b5db3f4675b5703d	1785	rules/unit-UBL-PEPPOL/PEPPOL-COMMON-R050.xml
bd73a4ea83c68abb3a1b8a28c98dc52dbb9ddd07	2116	rules/unit-UBL-PEPPOL/PEPPOL-COMMON-R052.xml
dd3cc968bfb1818e6cb85006329bd36dbec597ca	2107	rules/unit-UBL-PEPPOL/PEPPOL-COMMON-R053.xml
effd7731552e05eb45c51b222e982688afb23df3	14157	rules/unit-UBL-PEPPOL/PEPPOL-COMMON-R054.xml
31ee38d9da05c808bf103f9420e745f0b283b11a	14133	rules/unit-UBL-PEPPOL/PEPPOL-COMMON-R055.xml
1a625f0354c8868c9794fa9b9ec263c92a07a0c3	14613	rules/unit-UBL-PEPPOL/PEPPOL-COMMON-R056-1.xml
504ef6ba4175a726a64fdb313e77e2f2ced3ca50	13962	rules/unit-UBL-PEPPOL/PEPPOL-COMMON-R057.xml
5485eaa49b965d83746c92e7950cc2875bdf5a59	1498	rules/unit-UBL-PEPPOL/PEPPOL-EN16931-CL001.xml
a92021ea5f5cc498269a7f0da7707e0c029d7ace	1616	rules/unit-UBL-PEPPOL/PEPPOL-EN16931-CL002.xml
c2ea3c5566be83c2e2dcbf647c54a7a8e8d60239	1614	rules/unit-UBL-PEPPOL/PEPPOL-EN16931-CL003.xml
302fb0ad774f4d93c0454369b2b53d6e3d6b7ac3	1581	rules/unit-UBL-PEPPOL/PEPPOL-EN16931-CL006.xml
6d2d240a73caabb6ecd18f42ee3542fe781cfb5d	2004	rules/unit-UBL-PEPPOL/PEPPOL-EN16931-CL007.xml
18150283333262fe6fe7b5aebbb192f871cd93e2	2846	rules/unit-UBL-PEPPOL/PEPPOL-EN16931-CL008.xml
6aa949e833ddc440f168176480390e7b84791034	1563	rules/unit-UBL-PEPPOL/PEPPOL-EN16931-F001.xml
10b00878d4bc9b6a3353be6e8cc976163f140616	3108	rules/unit-UBL-PEPPOL/PEPPOL-EN16931-P0100.xml
b9c83737a37d028c74cff6b6f1d8a0f01192885d	3200	rules/unit-UBL-PEPPOL/PEPPOL-EN16931-P0101.xml
676f65e5d396422984bf7042244d64ba2ab8069c	2917	rules/unit-UBL-PEPPOL/PEPPOL-EN16931-P0104.xml
3121322e84c2bf27d0325c8b1cb1dbcbe81dbdca	2917	rules/unit-UBL-PEPPOL/PEPPOL-EN16931-P0105.xml
f13a318c5eca136e6101af3807856323f6298d49	2920	rules/unit-UBL-PEPPOL/PEPPOL-EN16931-P0106.xml
5963c890e46f2983076f11c1980f036aa897adba	2921	rules/unit-UBL-PEPPOL/PEPPOL-EN16931-P0107.xml
75f568968e2a0a9ed7a0d9328817e6d4a42e8be5	2917	rules/unit-UBL-PEPPOL/PEPPOL-EN16931-P0108.xml
9603c00c4b98fa2b9e22936707c6ee3505716eae	2917	rules/unit-UBL-PEPPOL/PEPPOL-EN16931-P0109.xml
bb99aaa74ef54d8a42f18a06cf4c8b21bb482fb1	2917	rules/unit-UBL-PEPPOL/PEPPOL-EN16931-P0110.xml
880099f0f96e784386cd565cefcadb4a278a4254	2917	rules/unit-UBL-PEPPOL/PEPPOL-EN16931-P0111.xml
afee18f2bfaed6cade696193c8c6693b30321ab7	8608	rules/unit-UBL-PEPPOL/PEPPOL-EN16931-P0112.xml
2770de14725469ac1a61a34004f952118d3d1342	1006	rules/unit-UBL-PEPPOL/PEPPOL-EN16931-R001.xml
676f0f243034642bf5090f2c39174110b402f7b9	1411	rules/unit-UBL-PEPPOL/PEPPOL-EN16931-R002.xml
cc8dc03b7bfbff0e519776871554a702baf11cd4	1964	rules/unit-UBL-PEPPOL/PEPPOL-EN16931-R003.xml
b583e1e9611fdb4c4142a31f3b6597720012611a	2668	rules/unit-UBL-PEPPOL/PEPPOL-EN16931-R004.xml
f832dfd3f08eb6e9e3fec969dc7f92f92da7ec84	2042	rules/unit-UBL-PEPPOL/PEPPOL-EN16931-R005.xml
14c68ac574837ff6b09d438e3efdc31c62623114	3228	rules/unit-UBL-PEPPOL/PEPPOL-EN16931-R007.xml
3ffac32bcfaef21ddc2bc99f37646c8e77559459	1226	rules/unit-UBL-PEPPOL/PEPPOL-EN16931-R010.xml
c331877074fbfdb5701e4133dcd8b6fdb8a5d330	1224	rules/unit-UBL-PEPPOL/PEPPOL-EN16931-R020.xml
5d1ea7654bf612b97c0690f558f5c8947db95218	6242	rules/unit-UBL-PEPPOL/PEPPOL-EN16931-R040.xml
4ba4ae849d11d284936b30bd01a0c978dc9c72a8	5159	rules/unit-UBL-PEPPOL/PEPPOL-EN16931-R041.xml
3eb88ade8f1cdd5f5621999b7508ce86e50089cf	5005	rules/unit-UBL-PEPPOL/PEPPOL-EN16931-R042.xml
6aec2cf69fc10f6f8023c6dc02e85e3005d5961e	4058	rules/unit-UBL-PEPPOL/PEPPOL-EN16931-R043.xml
53748ee34d8fd3cde327b4e547ba34bb408d3c9a	2813	rules/unit-UBL-PEPPOL/PEPPOL-EN16931-R044.xml
d0aef6205af9a9e3d84eddbd74c9242770335b16	2882	rules/unit-UBL-PEPPOL/PEPPOL-EN16931-R046.xml
08e2db8d1ccfb326488ffca571e447d73dda73f9	5857	rules/unit-UBL-PEPPOL/PEPPOL-EN16931-R051.xml
60f0e442d6d25b6c6fca249a5102739b11276492	1765	rules/unit-UBL-PEPPOL/PEPPOL-EN16931-R053.xml
f18e913c437fb1720d27b056c70de0c4a0ec4a01	2221	rules/unit-UBL-PEPPOL/PEPPOL-EN16931-R054.xml
cdf7be774a4aa9091af019d5e5712217f194fea7	1581	rules/unit-UBL-PEPPOL/PEPPOL-EN16931-R055.xml
4239f7a2bcdac3285ea3028bc3edf5d79a4131f1	1300	rules/unit-UBL-PEPPOL/PEPPOL-EN16931-R061.xml
308100cd88335b7cd7d78b9f84f45dc97866896a	2838	rules/unit-UBL-PEPPOL/PEPPOL-EN16931-R080.xml
2355dee38db0149e02622a7377cc633c9a14a71a	2604	rules/unit-UBL-PEPPOL/PEPPOL-EN16931-R100.xml
6e19effc76cdf04b26ddcc5f65a4b74653f6ce03	1338	rules/unit-UBL-PEPPOL/PEPPOL-EN16931-R101.xml
18466f20535d02f09aaf15059a7e53cfb0c018a0	3780	rules/unit-UBL-PEPPOL/PEPPOL-EN16931-R110.xml
deaa1a7bb3dcf6dc35aa81f28cea200167793575	3732	rules/unit-UBL-PEPPOL/PEPPOL-EN16931-R111.xml
ad75f37b4df4ba0f3d30693b31cce09067eef88a	10711	rules/unit-UBL-PEPPOL/PEPPOL-EN16931-R120.xml
acc7f90b35a0c48afe8c391b0ecc13dc4fa0c946	2151	rules/unit-UBL-PEPPOL/PEPPOL-EN16931-R121.xml
483c4177e377dfd0965fb6bd8e2ca0b509dc6631	1917	rules/unit-UBL-PEPPOL/PEPPOL-EN16931-R130.xml
17b05402f534c0283177258f78f2ba35e5125878	94007	rules/sch/PEPPOL-EN16931-UBL.sch
dd6c2a6d3807cd747dae1b6e051d7027fdd41a5e	11273	rules/national-examples/GR/GR-base-example-TaxRepresentative.xml
510b091069635c19069c760fd3f9e83d575c9286	10709	rules/national-examples/GR/GR-base-example-correct.xml
b06908d6a7322b008d7b35ed8247015917994153	19011	rules/national-examples/NO/Norwegian-example-1.xml
b5970b0087973b3c532427abed7e62016cb84828	8030	rules/unit-UBL-DK/DK_Validation_DKR002.xml
465b61d657435faf391eb105b6b5a89d7db287cd	13887	rules/unit-UBL-DK/DK_Validation_DKR003.xml
87c7a72fe5eae833502b54dec66dc497b7ee61e4	12384	rules/unit-UBL-DK/DK_Validation_DKR004.xml
0dc8ca605dd66cc0988e1c4b8f1cb46109c93dfb	18282	rules/unit-UBL-DK/DK_Validation_DKR005.xml
337161ff809935a0d4a52febe123cd389da50b67	9612	rules/unit-UBL-DK/DK_Validation_DKR006.xml
dc1d178a909e8c3c3acd5561d745a4bc9e6ce81d	10368	rules/unit-UBL-DK/DK_Validation_DKR007.xml
5155fc161b18b24506ada9a88307b54f00da3d03	13063	rules/unit-UBL-DK/DK_Validation_DKR008.xml
93c81dfc1226f0a5a301a8ba79fe37fac401d402	9557	rules/unit-UBL-DK/DK_Validation_DKR009.xml
020663f9f60e597b5c2aad43fe9fc9818faa6fbb	11599	rules/unit-UBL-DK/DK_Validation_DKR010.xml
ffbebd779bbf660dd35d759aed0ff0bc7073d020	9516	rules/unit-UBL-DK/DK_Validation_DKR011.xml
b88fb9f416888e275ae5da3bd767c6fcdd101521	18672	rules/unit-UBL-DK/DK_Validation_DKR013.xml
8862e08d3e4194b20788853318a82ae9abf40d87	11127	rules/unit-UBL-DK/DK_Validation_DKR014.xml
625f0e9432a975a541c1c6f38444032db6f20937	4233	rules/unit-UBL-DK/DK_Validation_DKR016.xml
2e9950c46ecdf334a668838d8df2b876e05a26a9	13008	rules/unit-UBL-DK/DK_Validation_DKR017.xml
30c200ee57ef24c5f8601096064734d90b1bad92	17765	rules/unit-UBL-GR/GR_Validation_GRR001.xml
df10c350890e60f3697dab2d92cc7b1a0cb01d36	2984	rules/unit-UBL-GR/GR_Validation_GRR002.xml
f19f46a055a897b03918bdc8870013b470016bed	2859	rules/unit-UBL-GR/GR_Validation_GRR003.xml
a17ce2c401d3b82e1e3c5060e51130117dc1d406	10243	rules/unit-UBL-GR/GR_Validation_GRR004.xml
82bd74296c75d52bbb9c8720d3dc16d147cde86c	3497	rules/unit-UBL-GR/GR_Validation_GRR005.xml
d573abf47d58075979b070201d1584e752604311	6108	rules/unit-UBL-GR/GR_Validation_GRR006.xml
0489c9d39c521c8c505fca40711cd100321a3fa0	4998	rules/unit-UBL-GR/GR_Validation_GRR009.xml
b5ac8043f24cdb4fbb7969a40ddf856b55ad92cf	5758	rules/unit-UBL-GR/GR_Validation_GRR010.xml
6d6fe239fff9a6f325e01d36e1122d42870a8e59	2416	rules/unit-UBL-GR/GR_Validation_GRR011.xml
a9bda31861c1cb674254b4a66e3edb8e84b3cbe6	3042	rules/unit-UBL-GR/GR_Validation_GRS008.xml
8f1f1e65770075b6acbf80f33dbd1038984c4edd	3098	rules/unit-UBL-IT/IT-R-001.xml
5b97a030e854c1d86eb0fc03232106ac50f81ee3	2234	rules/unit-UBL-IT/IT-R-002.xml
4adf722b46368a02bd40834b22f55e361567df58	2216	rules/unit-UBL-IT/IT-R-003.xml
fb9ec0237166474c5b0792931bf4499bf0fb473b	2213	rules/unit-UBL-IT/IT-R-004.xml
eba32a31cea93479e2abe8447afffe6f62e5d5be	14176	rules/unit-UBL-NL/NL-R-001.xml
3d8301617d0c9fe93e2b962bad9348d8d35d64a6	23771	rules/unit-UBL-NL/NL-R-002.xml
0bfbbbe9f300c2e693c114f2560c89e6320b284e	23876	rules/unit-UBL-NL/NL-R-003.xml
ee36a8ae320cc3bc9db9af0100b5462cfc651366	23874	rules/unit-UBL-NL/NL-R-004.xml
34f9087613487926bf324b8a58b6126d7ec9cae9	23926	rules/unit-UBL-NL/NL-R-005.xml
8ba0ad1a2706f0770b997cb3928dda2b0d1eb5bf	25266	rules/unit-UBL-NL/NL-R-006.xml
f9704fb17a45b55d5a33956e40595b873f8834ef	38317	rules/unit-UBL-NL/NL-R-007.xml
e71e47cb0d9368cba95055abb3c5382a4fa2a831	35651	rules/unit-UBL-NL/NL-R-008.xml
073c54b52c6b3ba81d0315c4bddc5bbe5fa606d4	23413	rules/unit-UBL-NL/NL-R-009.xml
5640afe24ab569483ed9f9c8713b4bcfaf9c597f	2263	rules/unit-UBL-NO/NO-R-001.xml
4d4de1e306df795bec043c0d6a10c8d124bcaac2	8996	rules/unit-UBL-NO/NO-R-002.xml
01d3e3bd863763ea5ef27b3d187bd8f54912447b	11155	rules/unit-UBL-SE/UBL-CN_SE-R-001.xml
7c7852556a6d0ab14d557cd73ea0c1f8edfd47a8	11147	rules/unit-UBL-SE/UBL-CN_SE-R-002.xml
fa524f4fa3d45d89932d4ed320f5e6719984fb0f	10952	rules/unit-UBL-SE/UBL-CN_SE-R-003.xml
c554040d3a3b0e01876fbe4934d7840bc1bb7db2	10964	rules/unit-UBL-SE/UBL-CN_SE-R-004.xml
d5c74772c85581e1fc63f45ae65056060d126d70	11124	rules/unit-UBL-SE/UBL-CN_SE-R-005.xml
8ae0ad03e0d479f93134a407ee70c3ef4825d7f0	6937	rules/unit-UBL-SE/UBL-CN_SE-R-006.xml
e879346f1ad3ce21d1354452bad54cb89cc08e2c	6937	rules/unit-UBL-SE/UBL-CN_SE-R-007.xml
a7b70d0c0c2569a836b2306385250b71a85a5f03	6938	rules/unit-UBL-SE/UBL-CN_SE-R-008.xml
28f1399bc3707870a70466367670c1b523e83305	6788	rules/unit-UBL-SE/UBL-CN_SE-R-009.xml
f9b537f64d58787fefd4647e47eb22c1d36387ba	6801	rules/unit-UBL-SE/UBL-CN_SE-R-010.xml
835996fa066ecddf5c2894e1b4e8104b61247837	6657	rules/unit-UBL-SE/UBL-CN_SE-R-011.xml
0855a5d0d6e9746071d226d20ad0b1fdfb2e26a0	10592	rules/unit-UBL-SE/UBL-IN_SE-R-001.xml
3d77aa2e332f9b5ffc38f9d12b1767defc1d28bf	10612	rules/unit-UBL-SE/UBL-IN_SE-R-002.xml
bb93b98050a6e775e58be9f69eb2cffcf2d80fa7	10414	rules/unit-UBL-SE/UBL-IN_SE-R-003.xml
f079a1b80e9695a847a4f3b1ca2f3895a4beafca	10423	rules/unit-UBL-SE/UBL-IN_SE-R-004.xml
825215f691fa382a0952d1ae4c0b900a18f4441a	10583	rules/unit-UBL-SE/UBL-IN_SE-R-005.xml
b6d784e918a7d257c32d8fc8700dbc3b52500c2f	6884	rules/unit-UBL-SE/UBL-IN_SE-R-006.xml
8eafdb5e72ff062c7ae05b8aeff70939abe198ba	6577	rules/unit-UBL-SE/UBL-IN_SE-R-007.xml
d5c37fb6c266421b89b181e2e72fac0a9192321f	6576	rules/unit-UBL-SE/UBL-IN_SE-R-008.xml
931b09a26cf419cf691a53aba64ba43b3072248c	6511	rules/unit-UBL-SE/UBL-IN_SE-R-009.xml
f48a0582b843c76150f61f00594f0f5713241a61	6517	rules/unit-UBL-SE/UBL-IN_SE-R-010.xml
f71de019470c22b917b5a7ef43677276f9c8fa85	6378	rules/unit-UBL-SE/UBL-IN_SE-R-011.xml
25eff887461f9f1a919f8f888a2a29995f847aeb	7081	rules/unit-UBL-SE/UBL-IN_SE-R-012.xml
490f6bb012bae87d461579d91becd1210be0497c	10429	rules/unit-UBL-SE/UBL-IN_SE-R-013.xml
